natures_spirit:woody_highlands,minecraft:oak_sapling
minecraft:frozen_river,upgrade_aquatic:river_sapling
biomeswevegone:zelkova_forest,biomeswevegone:zelkova_sapling
natures_spirit:blooming_dunes,minecraft:oak_sapling
stoneworked:ashen_jungle,minecraft:jungle_sapling
tartarus:conquered_lands_0,minecraft:oak_sapling
biomeswevegone:aspen_boreal,atmospheric:aspen_sapling
incendium:inverted_forest,minecraft:oak_sapling
aether_redux:gilded_grasslands,minecraft:oak_sapling
voidscape:end,regrowth:no_sapling
natures_spirit:drylands,minecraft:oak_sapling
terralith:red_oasis,minecraft:oak_sapling
shadowlands:overgrown_forest,minecraft:oak_sapling
regions_unexplored:frozen_pine_taiga,biomesoplenty:pine_sapling
terralith:sandstone_valley,minecraft:oak_sapling
clifftree:caves,minecraft:oak_sapling
toybox:blue_carpet_toybox,minecraft:oak_sapling
bleak_and_barren:abandoned_farmland,minecraft:oak_sapling
terralith:shield_clearing,minecraft:oak_sapling
shadowlands:toxic_forest,minecraft:oak_sapling
twilightforest:enchanted_forest,minecraft:oak_sapling
allthemodium:warped_forest,minecraft:oak_sapling
twilightforest:dark_forest,minecraft:oak_sapling
biomeswevegone:frosted_taiga,minecraft:spruce_sapling
terralith:cave/frostfire_caves,biomesoplenty:fir_sapling
callfromthedepth_:lostsoulsbiome,minecraft:oak_sapling
biomesoplenty:highland,minecraft:oak_sapling
biomesoplenty:crag,minecraft:oak_sapling
atlantis:atlantean_garden,minecraft:oak_sapling
callfromthedepth_:deepdepth,minecraft:oak_sapling
wood_enjoyer:mixed_forest,minecraft:oak_sapling
incendium:infernal_dunes,minecraft:oak_sapling
biomeswevegone:allium_shrubland,minecraft:oak_sapling
environmental:marsh,minecraft:oak_sapling
mythicbotany:alfheim_hills,minecraft:oak_sapling
shadowlands:blood_forest,minecraft:oak_sapling
divinerpg:iceika/tundra,divinerpg:divine_sapling
charred_horizons:desolated_forest,minecraft:oak_sapling
voidscape:antispires,regrowth:no_sapling
terralith:cave/underground_jungle,minecraft:jungle_sapling
divinerpg:iceika/cozybark_forest,divinerpg:cozybark_sapling
ror:green_crystal_plains,aether_redux:crystal_sapling
soul_glowstone:error,minecraft:oak_sapling
terramity:scorched_caves,minecraft:oak_sapling
clifftree:bog,minecraft:oak_sapling
natures_spirit:golden_wilds,minecraft:oak_sapling
aether_redux:cloudcaps,minecraft:oak_sapling
stoneworked:mountain_spring,minecraft:oak_sapling
biomesoplenty:lush_desert,minecraft:oak_sapling
terralith:snowy_cherry_grove,croptopia:cherry_sapling
biomesoplenty:lush_savanna,minecraft:acacia_sapling
regions_unexplored:blackstone_basin,minecraft:oak_sapling
natures_spirit:snowcapped_red_peaks,minecraft:spruce_sapling
natures_spirit:heather_fields,minecraft:oak_sapling
terralith:hot_shrubland,minecraft:oak_sapling
minecraft:nether_wastes,minecraft:oak_sapling
mythicbotany:alfheim_lakes,minecraft:oak_sapling
twilightforest:highlands,minecraft:oak_sapling
minecraft:eroded_badlands,minecraft:oak_sapling
regions_unexplored:muddy_river,upgrade_aquatic:river_sapling
natures_spirit:tropical_woods,minecraft:oak_sapling
terralith:savanna_badlands,minecraft:acacia_sapling
ars_nouveau:archwood_forest,minecraft:oak_sapling
biomeswevegone:eroded_borealis,minecraft:oak_sapling
clifftree:granite_shore,minecraft:oak_sapling
bleak_and_barren:bushland,minecraft:oak_sapling
the_bumblezone:sugar_water_floor,minecraft:oak_sapling
regions_unexplored:poppy_fields,minecraft:oak_sapling
callfromthedepth_:deeprot,minecraft:oak_sapling
tartarus:dim_valley,minecraft:oak_sapling
terralith:shield,minecraft:oak_sapling
ror:light_blue_crystal_plains,aether_redux:crystal_sapling
jerotesvillage:virtual_cave,minecraft:oak_sapling
werewolves:werewolf_heaven,minecraft:oak_sapling
biomeswevegone:dacite_ridges,minecraft:oak_sapling
divinerpg:iceika/morgue_marsh,divinerpg:divine_sapling
terralith:lush_valley,minecraft:oak_sapling
terralith:alpha_islands,regions_unexplored:alpha_sapling
divinerpg:iceika/chill_passage,divinerpg:divine_sapling
the_bumblezone:pollinated_pillar,minecraft:oak_sapling
regions_unexplored:bioshroom_caves,minecraft:oak_sapling
twilightforest:underground,minecraft:oak_sapling
minecraft:snowy_plains,minecraft:spruce_sapling
regions_unexplored:spires,minecraft:oak_sapling
regions_unexplored:sparse_redwoods,biomesoplenty:redwood_sapling
spawn:seagrass_meadow,minecraft:oak_sapling
terralith:steppe,minecraft:oak_sapling
natures_spirit:lavender_fields,minecraft:oak_sapling
natures_spirit:stratified_desert,minecraft:oak_sapling
biomeswevegone:coconino_meadow,minecraft:oak_sapling
clifftree:dirt_caves,minecraft:oak_sapling
minecraft:savanna,minecraft:acacia_sapling
terralith:lavender_valley,minecraft:oak_sapling
biomesoplenty:volcano,minecraft:oak_sapling
natures_spirit:cypress_fields,biomesoplenty:cypress_sapling
the_bumblezone:pollinated_fields,minecraft:oak_sapling
terralith:siberian_taiga,minecraft:spruce_sapling
biomeswevegone:ironwood_gour,biomeswevegone:ironwood_sapling
biomeswevegone:black_forest,minecraft:oak_sapling
undergarden:ink_mushroom_bog,minecraft:oak_sapling
terralith:snowy_shield,minecraft:spruce_sapling
regions_unexplored:highland_fields,minecraft:oak_sapling
terralith:amethyst_rainforest,minecraft:oak_sapling
voidscape:null,regrowth:no_sapling
biomesoplenty:origin_valley,biomesoplenty:origin_sapling
jerotesvillage:sand_beach,minecraft:oak_sapling
regions_unexplored:pumpkin_fields,minecraft:oak_sapling
spawn:rocky_shore,minecraft:oak_sapling
outer_end:primordial_pools,minecraft:oak_sapling
divinerpg:vethea/dream_grounds,divinerpg:divine_sapling
twilightforest:dense_mushroom_forest,minecraft:oak_sapling
biomesoplenty:undergrowth,minecraft:oak_sapling
natures_spirit:shrubby_highlands,minecraft:oak_sapling
project_alpha:alpha_snowy_biome,regions_unexplored:alpha_sapling
terralith:temperate_highlands,minecraft:oak_sapling
biomesoplenty:old_growth_woodland,minecraft:oak_sapling
natures_spirit:arid_savanna,minecraft:acacia_sapling
environmental:blossom_valleys,minecraft:oak_sapling
minecraft:small_end_islands,regrowth:no_sapling
bittersour:mixed_lemonade_forest,braziliandelight:lemon_sapling
terralith:brushland,minecraft:oak_sapling
project_alpha:alpha_forest,regions_unexplored:alpha_sapling
riverredux:tropical_river,upgrade_aquatic:river_sapling
twilightforest:firefly_forest,biomesoplenty:fir_sapling
regions_unexplored:maple_forest,autumnity:maple_sapling
divinerpg:eden,divinerpg:divine_sapling
natures_spirit:chaparral,minecraft:oak_sapling
minecraft:mushroom_fields,regrowth:no_sapling
undergarden:barren_abyss,minecraft:oak_sapling
divinerpg:vethea/scorched_tops,divinerpg:divine_sapling
ars_elemental:cascading_forest,minecraft:oak_sapling
charred_horizons:fungal_abyss,minecraft:oak_sapling
undergarden:frostfields,minecraft:oak_sapling
bleak_and_barren:desolate_birch_forest,minecraft:birch_sapling
minecraft:deep_dark,regrowth:no_sapling
terralith:cave/infested_caves,minecraft:oak_sapling
regions_unexplored:scorching_caves,minecraft:oak_sapling
incendium:weeping_valley,minecraft:oak_sapling
terralith:desert_spires,minecraft:oak_sapling
natures_spirit:cedar_thicket,natures_spirit:cedar_sapling
atmospheric:grimwoods,atmospheric:grimwood_sapling
terralith:blooming_valley,minecraft:oak_sapling
tartarus:conquered_lands,minecraft:oak_sapling
biomesoplenty:withered_abyss,minecraft:oak_sapling
natures_spirit:blooming_sugi_forest,natures_spirit:sugi_sapling
shadowlands:tall_shadow_forest,minecraft:oak_sapling
gardens_of_the_dead:soulblight_forest,biomesoplenty:dead_sapling
biomeswevegone:fragment_jungle,minecraft:jungle_sapling
atmospheric:dunes,minecraft:oak_sapling
lionfishapi:original_source_marker,biomesoplenty:origin_sapling
ror:factory_floor,minecraft:oak_sapling
biomeswevegone:white_mangrove_marshes,biomeswevegone:white_mangrove_sapling
terralith:snowy_badlands,minecraft:spruce_sapling
terralith:volcanic_crater,minecraft:oak_sapling
autumnity:maple_forest,autumnity:maple_sapling
terralith:blooming_plateau,minecraft:oak_sapling
tartarus:black_sea,minecraft:oak_sapling
atmospheric:rainforest_basin,minecraft:oak_sapling
riverredux:gravelly_river,upgrade_aquatic:river_sapling
jerotesvillage:unknown_deep,minecraft:oak_sapling
regions_unexplored:gravel_beach,minecraft:oak_sapling
biomesoplenty:bog,minecraft:oak_sapling
regions_unexplored:pine_slopes,biomesoplenty:pine_sapling
minecraft:warped_forest,minecraft:oak_sapling
minecraft:cherry_grove,croptopia:cherry_sapling
nullscape:shadowlands,minecraft:oak_sapling
herios_floral_expansion:giant_flower_plains,minecraft:oak_sapling
tartarus:deadly_wastelands_islands,biomesoplenty:dead_sapling
biomeswevegone:skyris_vale,biomeswevegone:skyris_sapling
biomesoplenty:redwood_forest,biomesoplenty:redwood_sapling
regions_unexplored:cold_deciduous_forest,minecraft:oak_sapling
natures_spirit:maple_woodlands,autumnity:maple_sapling
biomeswevegone:rainbow_beach,rainbowoaks:rainbow_sapling
voidscape:thunder_forest,regrowth:no_sapling
biomeswevegone:red_rock_valley,minecraft:oak_sapling
biomeswevegone:orchard,biomeswevegone:orchard_sapling
tartarus:dark_valley_mountains_0,minecraft:oak_sapling
atmospheric:sparse_rainforest_basin,minecraft:oak_sapling
natures_spirit:dusty_slopes,minecraft:oak_sapling
integrateddynamics:meneglin,minecraft:oak_sapling
aether_redux:the_blight,minecraft:oak_sapling
voidscape:void,regrowth:no_sapling
atmospheric:petrified_dunes,sullysmod:petrified_sapling
biomeswevegone:basalt_barrera,minecraft:oak_sapling
incendium:withered_forest,minecraft:oak_sapling
biomeswevegone:dacite_shore,minecraft:oak_sapling
minecraft:soul_sand_valley,minecraft:oak_sapling
divinerpg:iceika/glowing_deep,divinerpg:divine_sapling
biomeswevegone:crag_gardens,minecraft:oak_sapling
divinerpg:iceika/borealis_steeps,divinerpg:divine_sapling
jerotesvillage:purple_desert,minecraft:oak_sapling
shadowlands:red_shadow_forest,minecraft:oak_sapling
shadowlands:shadow_forest,minecraft:oak_sapling
the_bumblezone:bumbling_beepartments,minecraft:oak_sapling
biomesoplenty:bayou,minecraft:oak_sapling
ror:blue_crystal_plains,aether_redux:crystal_sapling
clifftree:warm_river,upgrade_aquatic:river_sapling
soulfulnether:fright_forest,minecraft:oak_sapling
clifftree:tundra,minecraft:oak_sapling
terralith:caldera,productivetrees:alder_sapling
biomeswevegone:cypress_swamplands,biomesoplenty:cypress_sapling
twilightforest:swamp,minecraft:oak_sapling
environmental:old_growth_pine_barrens,biomesoplenty:pine_sapling
sweet_calamity:sticky_grove,minecraft:oak_sapling
regions_unexplored:frozen_tundra,minecraft:oak_sapling
terralith:skylands_winter,minecraft:oak_sapling
biomesoplenty:snowy_fir_clearing,biomesoplenty:fir_sapling
unusualend:gloopstone_lands,minecraft:oak_sapling
minecraft:end_highlands,regrowth:no_sapling
biomesoplenty:orchard,biomeswevegone:orchard_sapling
charred_horizons:decaying_valley,minecraft:oak_sapling
clifftree:sparse_forest,minecraft:oak_sapling
undergarden:smogstem_forest,undergarden:smogstem_sapling
natures_spirit:alpine_highlands,biomesoplenty:pine_sapling
natures_spirit:flowering_shrubland,regions_unexplored:flowering_sapling
regions_unexplored:rocky_meadow,minecraft:oak_sapling
terralith:shrubland,minecraft:oak_sapling
terralith:skylands_summer,minecraft:oak_sapling
ror:mushroom_forest,minecraft:oak_sapling
biomesoplenty:end_reef,minecraft:oak_sapling
minecraft:deep_lukewarm_ocean,regrowth:no_sapling
minecraft:old_growth_pine_taiga,biomesoplenty:pine_sapling
twilightforest:thornlands,minecraft:oak_sapling
biomesoplenty:forested_field,minecraft:oak_sapling
regions_unexplored:fungal_fen,minecraft:oak_sapling
regions_unexplored:autumnal_maple_forest,autumnity:maple_sapling
biomesoplenty:spider_nest,minecraft:oak_sapling
clifftree:stone_ocean,regrowth:no_sapling
nullscape:crystal_peaks,aether_redux:crystal_sapling
minecraft:meadow,minecraft:oak_sapling
incendium:quartz_flats,minecraft:oak_sapling
mining_dimension:mining_dimension,twilightforest:mining_sapling
deeperdarker:blooming_caverns,minecraft:oak_sapling
biomesoplenty:end_corruption,minecraft:oak_sapling
minecraft:dark_forest,minecraft:oak_sapling
natures_spirit:xeric_plains,minecraft:oak_sapling
atlantis:atlantis_biome,minecraft:oak_sapling
naturaldecormod:wetlands,minecraft:oak_sapling
regions_unexplored:blackwood_taiga,regions_unexplored:blackwood_sapling
natures_spirit:redwood_forest,biomesoplenty:redwood_sapling
biomesoplenty:rainforest,minecraft:oak_sapling
terralith:cave/fungal_caves,minecraft:oak_sapling
regions_unexplored:prairie,minecraft:oak_sapling
terralith:cave/diorite_caves,minecraft:oak_sapling
callfromthedepth_:strongsculkswamp,minecraft:oak_sapling
ror:neon_metropolis,minecraft:oak_sapling
biomeswevegone:mojave_desert,minecraft:oak_sapling
biomesoplenty:seasonal_forest,minecraft:oak_sapling
minecraft:old_growth_spruce_taiga,minecraft:spruce_sapling
aether:skyroot_meadow,aether:skyroot_sapling
ror:dandelion_plains,minecraft:oak_sapling
terralith:scarlet_mountains,minecraft:oak_sapling
biomesoplenty:rocky_rainforest,minecraft:oak_sapling
minecraft:ocean,regrowth:no_sapling
mofus_better_end_:blood_stars_midlands,minecraft:oak_sapling
divinerpg:arcana/dune_valley,divinerpg:divine_sapling
natures_spirit:blooming_highlands,minecraft:oak_sapling
minecraft:taiga,minecraft:spruce_sapling
natures_spirit:aspen_forest,atmospheric:aspen_sapling
biomesoplenty:ominous_woods,minecraft:oak_sapling
dreamscape:dream_scape,minecraft:oak_sapling
regions_unexplored:old_growth_bayou,minecraft:oak_sapling
sundries:brownstone_hills,minecraft:oak_sapling
natures_spirit:scorched_dunes,minecraft:oak_sapling
minecraft:the_end,regrowth:no_sapling
biomeswevegone:maple_taiga,autumnity:maple_sapling
bleak_and_barren:frozen_forest,minecraft:oak_sapling
divinerpg:iceika/ice_sheet,divinerpg:divine_sapling
undergarden:veil_mushroom_bog,minecraft:oak_sapling
regions_unexplored:silver_birch_forest,minecraft:birch_sapling
shadowlands:glowshroom_forest_lowlands,minecraft:oak_sapling
minecraft:forest,minecraft:oak_sapling
incendium:ash_barrens,productivetrees:ash_sapling
minecraft:sunflower_plains,minecraft:oak_sapling
biomeswevegone:rose_fields,minecraft:oak_sapling
biomeswevegone:weeping_witch_forest,minecraft:oak_sapling
atlantis:coconut_isles,croptopia:coconut_sapling
natures_spirit:carnation_fields,minecraft:oak_sapling
terralith:gravel_desert,minecraft:oak_sapling
atmospheric:rainforest,minecraft:oak_sapling
undergarden:indigo_mushroom_bog,minecraft:oak_sapling
minecraft:the_void,regrowth:no_sapling
natures_spirit:lively_dunes,minecraft:oak_sapling
spawn:deep_warm_ocean,regrowth:no_sapling
divinerpg:iceika/sheltered_garden,divinerpg:divine_sapling
natures_spirit:bamboo_wetlands,regions_unexplored:bamboo_sapling
regions_unexplored:tropical_river,upgrade_aquatic:river_sapling
twilightforest:stream,minecraft:oak_sapling
clifftree:gravelly_beach,minecraft:oak_sapling
javd:void,regrowth:no_sapling
allthemodium:desert,minecraft:oak_sapling
minecraft:lukewarm_ocean,regrowth:no_sapling
ror:poppy_field,minecraft:oak_sapling
tropicraft:kelp_forest,minecraft:oak_sapling
shadowlands:void_forest,regrowth:no_sapling
minecraft:jagged_peaks,minecraft:oak_sapling
biomesoplenty:end_wilds,minecraft:oak_sapling
naturaldecormod:botany_field,minecraft:oak_sapling
autumnity:pumpkin_fields,minecraft:oak_sapling
minecraft:jungle,minecraft:jungle_sapling
minecraft:ice_spikes,minecraft:spruce_sapling
aether:skyroot_grove,aether:skyroot_sapling
terralith:moonlight_valley,minecraft:oak_sapling
biomeswevegone:overgrowth_woodlands,minecraft:oak_sapling
terralith:cave/desert_caves,minecraft:oak_sapling
regions_unexplored:outback,minecraft:oak_sapling
biomeswevegone:tropical_rainforest,minecraft:oak_sapling
regions_unexplored:sparse_rainforest,minecraft:oak_sapling
divinerpg:mortum,divinerpg:divine_sapling
my_end:crystallization,aether_redux:crystal_sapling
biomeswevegone:enchanted_tangle,minecraft:oak_sapling
divinerpg:iceika/frozen_ocean,divinerpg:divine_sapling
natures_spirit:marsh,minecraft:oak_sapling
terralith:cave/ice_caves,minecraft:oak_sapling
allthemodium:the_other,minecraft:oak_sapling
tropicraft:bamboo_rainforest,regions_unexplored:bamboo_sapling
regions_unexplored:cold_river,upgrade_aquatic:river_sapling
biomesoplenty:marsh,minecraft:oak_sapling
the_bumblezone:hive_wall,minecraft:oak_sapling
twilightforest:dense_forest,minecraft:oak_sapling
regions_unexplored:alpha_grove,regions_unexplored:alpha_sapling
tropicraft:tropics,minecraft:oak_sapling
divinerpg:skythern,divinerpg:divine_sapling
natures_spirit:sparse_tropical_woods,minecraft:oak_sapling
terralith:volcanic_peaks,minecraft:oak_sapling
twilightforest:clearing,minecraft:oak_sapling
galosphere:pink_salt_caves,minecraft:oak_sapling
undergarden:dense_forest,minecraft:oak_sapling
undergarden:ancient_sea,quark:ancient_sapling
natures_spirit:tropical_shores,minecraft:oak_sapling
terralith:cave/deep_caves,minecraft:oak_sapling
atmospheric:scrubland,minecraft:oak_sapling
wildfields:prairies_biome,minecraft:oak_sapling
twilightforest:final_plateau,minecraft:oak_sapling
yungscavebiomes:lost_caves,minecraft:oak_sapling
environmental:blossom_woods,minecraft:oak_sapling
regions_unexplored:willow_forest,biomesoplenty:willow_sapling
regions_unexplored:flower_fields,minecraft:oak_sapling
sundries:the_decay,minecraft:oak_sapling
biomesoplenty:shrubland,minecraft:oak_sapling
twilightforest:mushroom_forest,minecraft:oak_sapling
nethers_exorcism_reborn:turquoise_plains,minecraft:oak_sapling
nullscape:void_barrens,regrowth:no_sapling
terralith:jungle_mountains,minecraft:jungle_sapling
atmospheric:laurel_forest,atmospheric:laurel_sapling
clifftree:tropical_river,upgrade_aquatic:river_sapling
minecraft:grove,minecraft:oak_sapling
minecraft:sparse_jungle,minecraft:jungle_sapling
divinerpg:iceika/frozen_peaks,divinerpg:divine_sapling
mofus_better_end_:green_field_island,minecraft:oak_sapling
clifftree:inferno,minecraft:oak_sapling
allthemodium:desert_hills,minecraft:oak_sapling
twilightforest:dark_forest_center,minecraft:oak_sapling
terralith:alpha_islands_winter,regions_unexplored:alpha_sapling
bleak_and_barren:spruce_parkland,minecraft:spruce_sapling
netherexp:black_ice_glaciers,minecraft:oak_sapling
biomesoplenty:fungal_jungle,minecraft:jungle_sapling
bleak_and_barren:frozen_wasteland,minecraft:oak_sapling
terralith:wintry_forest,minecraft:oak_sapling
biomesoplenty:old_growth_dead_forest,biomesoplenty:dead_sapling
natures_spirit:coniferous_covert,minecraft:oak_sapling
climaterivers:cold_river,upgrade_aquatic:river_sapling
clifftree:desert_cliff,minecraft:oak_sapling
biomeswevegone:coniferous_forest,minecraft:oak_sapling
jerotesvillage:plague_zone,minecraft:oak_sapling
tropicraft:tropical_peaks,minecraft:oak_sapling
regions_unexplored:dry_bushland,minecraft:oak_sapling
biomesoplenty:overgrown_greens,minecraft:oak_sapling
clifftree:warm_caves,minecraft:oak_sapling
terralith:windswept_spires,minecraft:oak_sapling
environmental:snowy_pine_barrens,biomesoplenty:pine_sapling
dimdungeons:biome_dungeon,minecraft:oak_sapling
terralith:cloud_forest,minecraft:oak_sapling
minecraft:frozen_ocean,regrowth:no_sapling
minecraft:windswept_savanna,minecraft:acacia_sapling
galosphere:lichen_caves,minecraft:oak_sapling
jerotesvillage:damaged_ruins,minecraft:oak_sapling
terralith:white_mesa,minecraft:oak_sapling
wilderness:old_growth_forest,minecraft:oak_sapling
aether_redux:skyfields,minecraft:oak_sapling
regions_unexplored:icy_heights,minecraft:oak_sapling
shadowlands:mint_forest,minecraft:oak_sapling
terralith:gravel_beach,minecraft:oak_sapling
allthemodium:basalt_deltas,minecraft:oak_sapling
terralith:snowy_maple_forest,autumnity:maple_sapling
naturaldecormod:wooded_basalt_cliffs,minecraft:oak_sapling
terralith:frozen_cliffs,minecraft:oak_sapling
natures_spirit:floral_ridges,minecraft:oak_sapling
tropicraft:mangroves,twilightforest:mangrove_sapling
regions_unexplored:bamboo_forest,regions_unexplored:bamboo_sapling
terralith:savanna_slopes,minecraft:acacia_sapling
terralith:cave/thermal_caves,minecraft:oak_sapling
biomeswevegone:amaranth_grassland,minecraft:oak_sapling
twilightforest:forest,minecraft:oak_sapling
wildfields:steppes_biome,minecraft:oak_sapling
biomesoplenty:muskeg,minecraft:oak_sapling
undergarden:frosty_smogstem_forest,undergarden:smogstem_sapling
divinerpg:iceika/fractal_forest,divinerpg:divine_sapling
biomesoplenty:rocky_shrubland,minecraft:oak_sapling
voidscape:aether,regrowth:no_sapling
deeperdarker:overcast_columns,minecraft:oak_sapling
terralith:ancient_sands,quark:ancient_sapling
terralith:skylands,minecraft:oak_sapling
netherexp:sorrowsquash_pastures,productivetrees:ash_sapling
minecraft:snowy_beach,minecraft:spruce_sapling
terralith:basalt_cliffs,minecraft:oak_sapling
toybox:red_carpet_toybox,minecraft:oak_sapling
regions_unexplored:cold_boreal_taiga,minecraft:spruce_sapling
divinerpg:iceika/snow_bog,divinerpg:divine_sapling
tropicraft:ocean,regrowth:no_sapling
tropicraft:overgrown_mangroves,twilightforest:mangrove_sapling
terralith:stony_spires,minecraft:oak_sapling
ror:corrundum_caves,minecraft:oak_sapling
terralith:glacial_chasm,aether_redux:glacia_sapling
mofus_better_end_:blood_stars_hills_biome,minecraft:oak_sapling
regions_unexplored:marsh,minecraft:oak_sapling
aether_redux:frosted_forests,minecraft:oak_sapling
create_stuffz:infested_wastelands,minecraft:oak_sapling
minecraft:dripstone_caves,minecraft:oak_sapling
natures_spirit:shrubland,minecraft:oak_sapling
regions_unexplored:grassy_beach,minecraft:oak_sapling
minecraft:birch_forest,minecraft:birch_sapling
bleak_and_barren:desolate_forest,minecraft:oak_sapling
environmental:snowy_old_growth_pine_barrens,biomesoplenty:pine_sapling
minecraft:badlands,minecraft:oak_sapling
cyberspace:blackwall_biome,minecraft:oak_sapling
natures_spirit:arid_highlands,minecraft:oak_sapling
terralith:lavender_forest,minecraft:oak_sapling
biomesoplenty:snowy_coniferous_forest,minecraft:spruce_sapling
climaterivers:warm_river,upgrade_aquatic:river_sapling
natures_spirit:wooded_drylands,minecraft:oak_sapling
divinerpg:iceika/geyser_plateau,divinerpg:divine_sapling
biomesoplenty:visceral_heap,minecraft:oak_sapling
wilderness:mixed_forest,minecraft:oak_sapling
biomesoplenty:mediterranean_forest,minecraft:oak_sapling
minecraft:stony_shore,minecraft:oak_sapling
ars_elemental:blazing_forest,minecraft:oak_sapling
biomeswevegone:shattered_glacier,minecraft:oak_sapling
tropicraft:beach,minecraft:oak_sapling
biomeswevegone:temperate_grove,minecraft:oak_sapling
regions_unexplored:boreal_taiga,minecraft:spruce_sapling
ror:factory_raw_material_processing,minecraft:oak_sapling
regions_unexplored:bayou,minecraft:oak_sapling
undergarden:smog_spires,minecraft:oak_sapling
terralith:cave/mantle_caves,minecraft:oak_sapling
minecraft:wooded_badlands,minecraft:oak_sapling
clifftree:shrubland,minecraft:oak_sapling
environmental:pine_barrens,biomesoplenty:pine_sapling
deeperdarker:echoing_forest,deeperdarker:echo_sapling
terralith:siberian_grove,minecraft:oak_sapling
biomesoplenty:dune_beach,minecraft:oak_sapling
clifftree:temperate_beach,minecraft:oak_sapling
terralith:mirage_isles,minecraft:oak_sapling
tartarus:dust_desert,minecraft:oak_sapling
twilightforest:oak_savannah,minecraft:oak_sapling
terralith:amethyst_canyon,minecraft:oak_sapling
naturaldecormod:saguaro_desert,minecraft:oak_sapling
terralith:rocky_shrubland,minecraft:oak_sapling
terralith:yosemite_lowlands,minecraft:oak_sapling
biomesoplenty:pasture,minecraft:oak_sapling
biomeswevegone:firecracker_chaparral,biomesoplenty:fir_sapling
unusualend:warped_reef,minecraft:oak_sapling
tartarus:spectral_forest,minecraft:oak_sapling
natures_spirit:wisteria_forest,minecraft:oak_sapling
terralith:alpine_grove,biomesoplenty:pine_sapling
terralith:birch_taiga,minecraft:birch_sapling
spawn:ant_gardens,minecraft:oak_sapling
mahoutsukai:marble,minecraft:oak_sapling
regions_unexplored:clover_plains,productivetrees:clove_sapling
tropicraft:osa_rainforest,minecraft:oak_sapling
minecraft:old_growth_birch_forest,minecraft:birch_sapling
regions_unexplored:eucalyptus_forest,regions_unexplored:eucalyptus_sapling
atlantis:aquariel_jellyfish_fields,minecraft:oak_sapling
twilightforest:glacier,minecraft:oak_sapling
shadowlands:red_cactus_forest,minecraft:oak_sapling
divinerpg:iceika/snowy_peaks,divinerpg:divine_sapling
atmospheric:spiny_thicket,minecraft:oak_sapling
the_bumblezone:hive_pillar,minecraft:oak_sapling
biomesoplenty:scrubland,minecraft:oak_sapling
biomesoplenty:prairie,minecraft:oak_sapling
biomeswevegone:ebony_woods,biomeswevegone:ebony_sapling
biomesoplenty:dead_forest,biomesoplenty:dead_sapling
terralith:yellowstone,minecraft:oak_sapling
regions_unexplored:redstone_abyss,minecraft:oak_sapling
biomesoplenty:floodplain,minecraft:oak_sapling
clifftree:glacier_cliff,minecraft:oak_sapling
blueprint:original_source_marker,biomesoplenty:origin_sapling
divinerpg:iceika/frozen_menagerie,divinerpg:divine_sapling
atlantis:goo_lagoons,minecraft:oak_sapling
biomesoplenty:cold_desert,minecraft:oak_sapling
the_bumblezone:floral_meadow,minecraft:oak_sapling
atmospheric:aspen_parkland,atmospheric:aspen_sapling
minecraft:bamboo_jungle,minecraft:jungle_sapling
twilightforest:fire_swamp,biomesoplenty:fir_sapling
biomeswevegone:lush_stacks,minecraft:oak_sapling
yungscavebiomes:frosted_caves,minecraft:oak_sapling
sweet_calamity:sweet_plains,minecraft:oak_sapling
biomesoplenty:pumpkin_patch,minecraft:oak_sapling
tartarus:permafrost,minecraft:oak_sapling
bittersour:round_lemonade_forest,braziliandelight:lemon_sapling
regions_unexplored:fen,minecraft:oak_sapling
divinerpg:iceika/shiverspine_forest,biomesoplenty:pine_sapling
ror:underground_jungle,minecraft:jungle_sapling
clifftree:lukewarm_caves,minecraft:oak_sapling
minecraft:windswept_gravelly_hills,minecraft:oak_sapling
bloodmagic:none,biomesoplenty:magic_sapling
biomesoplenty:erupting_inferno,minecraft:oak_sapling
qliphoth_awakening_dimensions:empty1,minecraft:oak_sapling
biomeswevegone:forgotten_forest,minecraft:oak_sapling
biomesoplenty:wasteland_steppe,minecraft:oak_sapling
minecraft:stony_peaks,minecraft:oak_sapling
the_bumblezone:howling_constructs,minecraft:oak_sapling
riverredux:sandy_river,upgrade_aquatic:river_sapling
witherstormmod:bowels,minecraft:oak_sapling
natures_spirit:tropical_basin,minecraft:oak_sapling
terralith:cave/granite_caves,minecraft:oak_sapling
biomesoplenty:auroral_garden,minecraft:oak_sapling
mofus_better_end_:root_archipelago,productivetrees:ipe_sapling
twilightforest:lake,minecraft:oak_sapling
regions_unexplored:shrubland,minecraft:oak_sapling
galosphere:crystal_canyons,aether_redux:crystal_sapling
natures_spirit:marigold_meadows,minecraft:oak_sapling
regions_unexplored:magnolia_woodland,regions_unexplored:magnolia_sapling
regions_unexplored:joshua_desert,natures_spirit:joshua_sapling
natures_spirit:tundra,minecraft:oak_sapling
aromatic:cinnamon_rainforest,croptopia:cinnamon_sapling
terralith:cave/tuff_caves,minecraft:oak_sapling
minecraft:basalt_deltas,minecraft:oak_sapling
voidscape:nether,regrowth:no_sapling
undergarden:dead_sea,biomesoplenty:dead_sapling
terralith:cave/crystal_caves,aether_redux:crystal_sapling
undergarden:blood_mushroom_bog,minecraft:oak_sapling
aether_redux:skyroot_shrublands,aether:skyroot_sapling
biomesoplenty:crystalline_chasm,aether_redux:crystal_sapling
divinerpg:vethea/hyrelands,divinerpg:divine_sapling
terralith:fractured_savanna,minecraft:acacia_sapling
naturaldecormod:shrubland,minecraft:oak_sapling
regions_unexplored:rainforest,minecraft:oak_sapling
shadowlands:averite_forest,minecraft:oak_sapling
terralith:valley_clearing,minecraft:oak_sapling
biomesoplenty:wetland,minecraft:oak_sapling
biomeswevegone:howling_peaks,minecraft:oak_sapling
bleak_and_barren:barren_drylands,minecraft:oak_sapling
terralith:mountain_steppe,minecraft:oak_sapling
regions_unexplored:pine_taiga,biomesoplenty:pine_sapling
vampirism:vampire_forest,minecraft:oak_sapling
stoneworked:golden_plains,minecraft:oak_sapling
bleak_and_barren:arid_savanna,minecraft:acacia_sapling
outer_end:crystal_crag,aether_redux:crystal_sapling
terralith:painted_mountains,minecraft:oak_sapling
biomesoplenty:glowing_grotto,minecraft:oak_sapling
soulfulnether:ashen_deltas,productivetrees:ash_sapling
biomeswevegone:pumpkin_valley,minecraft:oak_sapling
sweet_calamity:cloying_fields,minecraft:oak_sapling
jerotesvillage:harmonious_wonderland,jerotesvillage:wonderland_sapling
allthemodium:crimson_forest,minecraft:oak_sapling
project_alpha:corrupted_a_space_forest,regions_unexplored:alpha_sapling
shadowlands:overgrown_cherry_forest,croptopia:cherry_sapling
biomesoplenty:snowy_maple_woods,autumnity:maple_sapling
regions_unexplored:orchard,biomeswevegone:orchard_sapling
divinerpg:vethea/ember_caverns,divinerpg:divine_sapling
biomeswevegone:rugged_badlands,minecraft:oak_sapling
callfromthedepth_:deepmagma,minecraft:oak_sapling
minecraft:beach,minecraft:oak_sapling
terralith:arid_highlands,minecraft:oak_sapling
minecraft:warm_ocean,regrowth:no_sapling
environmental:pine_slopes,biomesoplenty:pine_sapling
natures_spirit:snowy_fir_forest,biomesoplenty:fir_sapling
biomesoplenty:mystic_grove,minecraft:oak_sapling
ror:yellow_crystal_plains,aether_redux:crystal_sapling
gardens_of_the_dead:whistling_woods,biomesoplenty:dead_sapling
minecraft:desert,minecraft:oak_sapling
atmospheric:kousa_jungle,atmospheric:kousa_sapling
bleak_and_barren:desolate_dark_forest,minecraft:oak_sapling
jerotesvillage:endless_ocean,regrowth:no_sapling
terralith:cave/andesite_caves,minecraft:oak_sapling
biomesoplenty:woodland,minecraft:oak_sapling
atmospheric:flourishing_dunes,minecraft:oak_sapling
regions_unexplored:ashen_woodland,productivetrees:ash_sapling
ror:agate_field,minecraft:oak_sapling
natures_spirit:snowy_redwood_forest,biomesoplenty:redwood_sapling
minecraft:end_midlands,regrowth:no_sapling
biomeswevegone:jacaranda_jungle,biomesoplenty:jacaranda_sapling
minecraft:savanna_plateau,minecraft:acacia_sapling
tartarus:spectral_forest_0,minecraft:oak_sapling
clifftree:diorite_shore,minecraft:oak_sapling
regions_unexplored:steppe,minecraft:oak_sapling
clifftree:snowy_diorite_shore,minecraft:spruce_sapling
biomesoplenty:snowblossom_grove,biomesoplenty:snowblossom_sapling
minecraft:snowy_taiga,minecraft:spruce_sapling
biomesoplenty:field,minecraft:oak_sapling
undergarden:wigglewood_forest,undergarden:wigglewood_sapling
regions_unexplored:mycotoxic_undergrowth,minecraft:oak_sapling
allthemodium:the_beyond,minecraft:oak_sapling
biomesoplenty:lavender_field,minecraft:oak_sapling
soul_glowstone:pool,minecraft:oak_sapling
terralith:white_cliffs,minecraft:oak_sapling
terrablender:deferred_placeholder,minecraft:oak_sapling
ars_elemental:flashing_forest,productivetrees:ash_sapling
shadowlands:abysmite_forest,minecraft:oak_sapling
aether:skyroot_woodland,aether:skyroot_sapling
minecraft:river,upgrade_aquatic:river_sapling
terralith:moonlight_grove,minecraft:oak_sapling
biomesoplenty:volcanic_plains,minecraft:oak_sapling
minecraft:lush_caves,minecraft:oak_sapling
minecraft:mangrove_swamp,twilightforest:mangrove_sapling
clifftree:oasis,minecraft:oak_sapling
biomesoplenty:wintry_origin_valley,biomesoplenty:origin_sapling
minecraft:windswept_hills,minecraft:oak_sapling
biomesoplenty:fir_clearing,biomesoplenty:fir_sapling
clifftree:mushroom_caves,minecraft:oak_sapling
biomesoplenty:jade_cliffs,minecraft:oak_sapling
shadowlands:creeper_forest,minecraft:oak_sapling
callfromthedepth_:forgottenforest,minecraft:oak_sapling
terralith:lush_desert,minecraft:oak_sapling
biomesoplenty:hot_springs,minecraft:oak_sapling
mythicbotany:golden_fields,minecraft:oak_sapling
mythicbotany:dreamwood_forest,minecraft:oak_sapling
tartarus:dark_valley_mountains,minecraft:oak_sapling
tropicraft:river,upgrade_aquatic:river_sapling
biomeswevegone:redwood_thicket,biomesoplenty:redwood_sapling
netherexp:exhaust_mire,minecraft:oak_sapling
biomesoplenty:coniferous_forest,minecraft:oak_sapling
sundries:the_grim_valley,minecraft:oak_sapling
regions_unexplored:hyacinth_deeps,minecraft:oak_sapling
voidscape:overworld,regrowth:no_sapling
terralith:yosemite_cliffs,minecraft:oak_sapling
aether_redux:glacial_tundra,aether_redux:glacia_sapling
quark:glimmering_weald,minecraft:oak_sapling
terralith:skylands_autumn,minecraft:oak_sapling
atmospheric:rocky_dunes,minecraft:oak_sapling
biomesoplenty:maple_woods,autumnity:maple_sapling
terralith:highlands,minecraft:oak_sapling
terralith:tropical_jungle,minecraft:jungle_sapling
biomeswevegone:bayou,minecraft:oak_sapling
divinerpg:arcana/barren_highlands,divinerpg:divine_sapling
mythicbotany:alfheim_plains,minecraft:oak_sapling
clifftree:cold_river,upgrade_aquatic:river_sapling
sweet_calamity:candy_forest,minecraft:oak_sapling
sweet_calamity:crunchy_garden,minecraft:oak_sapling
clifftree:snowy_old_growth_taiga,minecraft:spruce_sapling
regions_unexplored:redstone_caves,minecraft:oak_sapling
ror:red_crystal_plains,aether_redux:crystal_sapling
terralith:cold_shrubland,minecraft:oak_sapling
atmospheric:snowy_scrubland,minecraft:spruce_sapling
twilightforest:spooky_forest,minecraft:oak_sapling
atmospheric:hot_springs,minecraft:oak_sapling
mofus_better_end_:asteroid_path,minecraft:oak_sapling
regions_unexplored:rocky_reef,minecraft:oak_sapling
atlantis:atlantean_islands_biome,minecraft:oak_sapling
outer_end:azure_forest,minecraft:oak_sapling
regions_unexplored:prismachasm,minecraft:oak_sapling
natures_spirit:red_peaks,minecraft:oak_sapling
project_alpha:alpha_desert,regions_unexplored:alpha_sapling
ars_elemental:flourishing_forest,minecraft:oak_sapling
biomeswevegone:windswept_desert,minecraft:oak_sapling
terralith:bryce_canyon,minecraft:oak_sapling
regions_unexplored:temperate_grove,minecraft:oak_sapling
compactmachines:machine,minecraft:oak_sapling
minecraft:deep_cold_ocean,regrowth:no_sapling
biomeswevegone:dead_sea,biomesoplenty:dead_sapling
terralith:alpine_highlands,biomesoplenty:pine_sapling
terralith:desert_canyon,minecraft:oak_sapling
sundries:orange_desert,croptopia:orange_sapling
minecraft:end_barrens,regrowth:no_sapling
undergarden:forgotten_field,minecraft:oak_sapling
minecraft:crimson_forest,minecraft:oak_sapling
voidscape:thunderspires,regrowth:no_sapling
regions_unexplored:infernal_holt,minecraft:oak_sapling
twilightforest:snowy_forest,minecraft:spruce_sapling
jerotesvillage:drought_fire,biomesoplenty:fir_sapling
mofus_better_end_:mycelium_asteroid_path,minecraft:oak_sapling
minecraft:cold_ocean,regrowth:no_sapling
biomeswevegone:araucaria_savanna,biomeswevegone:araucaria_sapling
terralith:skylands_spring,minecraft:oak_sapling
biomeswevegone:frosted_coniferous_forest,minecraft:oak_sapling
regions_unexplored:ancient_delta,quark:ancient_sapling
biomeswevegone:crimson_tundra,minecraft:oak_sapling
ae2:spatial_storage,minecraft:oak_sapling
regions_unexplored:arid_mountains,minecraft:oak_sapling
minecraft:frozen_peaks,minecraft:oak_sapling
nethers_exorcism_reborn:dna_forest,minecraft:oak_sapling
terralith:rocky_jungle,minecraft:jungle_sapling
terralith:rocky_mountains,minecraft:oak_sapling
terralith:warm_river,upgrade_aquatic:river_sapling
clifftree:frozen_caves,minecraft:oak_sapling
the_bumblezone:crystal_canyon,aether_redux:crystal_sapling
divinerpg:iceika/ice_spikes,divinerpg:divine_sapling
jerotesvillage:bitter_cold,jerotesvillage:bitter_cold_sapling
incendium:volcanic_deltas,minecraft:oak_sapling
regions_unexplored:grassland,minecraft:oak_sapling
natures_spirit:fir_forest,biomesoplenty:fir_sapling
minecraft:flower_forest,minecraft:oak_sapling
biomesoplenty:gravel_beach,minecraft:oak_sapling
climaterivers:lukewarm_river,upgrade_aquatic:river_sapling
shadowlands:vellium_mountains,minecraft:oak_sapling
natures_spirit:sleeted_slopes,minecraft:oak_sapling
aether_redux:gilded_groves,minecraft:oak_sapling
minecraft:deep_frozen_ocean,regrowth:no_sapling
biomeswevegone:sakura_grove,minecraft:oak_sapling
regions_unexplored:barley_fields,minecraft:oak_sapling
biomeswevegone:cika_woods,biomeswevegone:cika_sapling
terralith:emerald_peaks,minecraft:oak_sapling
biomeswevegone:canadian_shield,minecraft:oak_sapling
minecraft:snowy_slopes,minecraft:spruce_sapling
naturaldecormod:grassy_coastal_dunes,minecraft:oak_sapling
terralith:granite_cliffs,minecraft:oak_sapling
biomeswevegone:atacama_outback,minecraft:oak_sapling
endergetic:poise_forest,minecraft:oak_sapling
biomesoplenty:dryland,minecraft:oak_sapling
nuclearcraft:wasteland,minecraft:oak_sapling
regions_unexplored:chalk_cliffs,minecraft:oak_sapling
jerotesvillage:bright_grassland,minecraft:oak_sapling
natures_spirit:alpine_clearings,biomesoplenty:pine_sapling
biomeswevegone:sierra_badlands,minecraft:oak_sapling
natures_spirit:sugi_forest,natures_spirit:sugi_sapling
natures_spirit:oak_savanna,minecraft:oak_sapling
qliphoth_awakening_dimensions:empty2,minecraft:oak_sapling
regions_unexplored:mauve_hills,regions_unexplored:mauve_sapling
undergarden:gronglegrowth,undergarden:grongle_sapling
biomeswevegone:baobab_savanna,biomeswevegone:baobab_sapling
minecraft:plains,minecraft:oak_sapling
allthemodium:soul_sand_valley,minecraft:oak_sapling
toybox:magenta_carpet_toybox,minecraft:oak_sapling
incendium:toxic_heap,minecraft:oak_sapling
natures_spirit:windswept_sugi_forest,natures_spirit:sugi_sapling
callfromthedepth_:deepforest,minecraft:oak_sapling
divinerpg:iceika/chilly_cavern,divinerpg:divine_sapling
terralith:orchid_swamp,minecraft:oak_sapling
natures_spirit:prairie,minecraft:oak_sapling
geologicexpansion:prismatic_caldera,productivetrees:alder_sapling
biomesoplenty:moor,minecraft:oak_sapling
callfromthedepth_:skulkswamp,minecraft:oak_sapling
shadowlands:pastel_forest,minecraft:oak_sapling
terralith:sakura_valley,minecraft:oak_sapling
divinerpg:iceika/thermal_vents,divinerpg:divine_sapling
undergarden:icy_sea,minecraft:oak_sapling
deeperdarker:deeplands,minecraft:oak_sapling
terralith:sakura_grove,minecraft:oak_sapling
minecraft:deep_ocean,regrowth:no_sapling
terralith:ice_marsh,minecraft:oak_sapling
regions_unexplored:tropics,minecraft:oak_sapling
bleak_and_barren:droughted_tropics,minecraft:oak_sapling
terralith:wintry_lowlands,minecraft:oak_sapling
aether:skyroot_forest,aether:skyroot_sapling
tartarus:dust_desert_0,minecraft:oak_sapling
clifftree:cold_caves,minecraft:oak_sapling
atlantis:volcanic_darksea,minecraft:oak_sapling
tartarus:deadly_wastelands_mountains,biomesoplenty:dead_sapling
biomeswevegone:red_rock_peaks,minecraft:oak_sapling
ror:blue_islands,minecraft:oak_sapling
natures_spirit:boreal_taiga,minecraft:spruce_sapling
terralith:ashen_savanna,productivetrees:ash_sapling
terralith:forested_highlands,minecraft:oak_sapling
tartarus:dark_valley_0,minecraft:oak_sapling
minecraft:windswept_forest,minecraft:oak_sapling
regions_unexplored:baobab_savanna,biomeswevegone:baobab_sapling
bittersour:long_lemonade_forest,braziliandelight:lemon_sapling
biomesoplenty:grassland,minecraft:oak_sapling
regions_unexplored:golden_boreal_taiga,minecraft:spruce_sapling
atmospheric:sparse_rainforest,minecraft:oak_sapling
regions_unexplored:deciduous_forest,minecraft:oak_sapling
regions_unexplored:mountains,minecraft:oak_sapling
biomesoplenty:tundra,minecraft:oak_sapling
minecraft:swamp,minecraft:oak_sapling
divinerpg:iceika/deep_frozen_ocean,divinerpg:divine_sapling
cyberspace:cyberspace_biome,minecraft:oak_sapling
regions_unexplored:glistering_meadow,minecraft:oak_sapling
tropicraft:rainforest,minecraft:oak_sapling
callfromthedepth_:deepamethistforest,minecraft:oak_sapling
biomeswevegone:cypress_wetlands,biomesoplenty:cypress_sapling
allthemodium:mining,twilightforest:mining_sapling
jerotesvillage:wilderness_woodland,minecraft:oak_sapling
mofus_better_end_:moss_midlands,minecraft:oak_sapling
clifftree:glacier_valley,minecraft:oak_sapling
unending_void:voidland,regrowth:no_sapling
biomesoplenty:wasteland,minecraft:oak_sapling
divinerpg:iceika/boneyard,divinerpg:divine_sapling
shadowlands:gray_shadow_forest,minecraft:oak_sapling
regions_unexplored:towering_cliffs,minecraft:oak_sapling
biomesoplenty:aspen_glade,atmospheric:aspen_sapling
ror:giant_flower_forest,minecraft:oak_sapling
divinerpg:apalachia,divinerpg:apalachia_sapling
regions_unexplored:redwoods,biomesoplenty:redwood_sapling
biomesoplenty:jacaranda_glade,biomesoplenty:jacaranda_sapling
neapolitan:strawberry_fields,minecraft:oak_sapling
terralith:desert_oasis,minecraft:oak_sapling
biomesoplenty:tropics,minecraft:oak_sapling
nethers_exorcism_reborn:biohazardous_delta,minecraft:oak_sapling
terralith:warped_mesa,minecraft:oak_sapling
divinerpg:wildwood,divinerpg:divine_sapling
natures_spirit:white_cliffs,minecraft:oak_sapling
regions_unexplored:saguaro_desert,minecraft:oak_sapling
bettas:betta_swamp,minecraft:oak_sapling
biomeswevegone:prairie,minecraft:oak_sapling
tartarus:deadly_wasteland,biomesoplenty:dead_sapling
terralith:haze_mountain,minecraft:oak_sapling
